Store, January, February, March, April, Total
Best, 0, -9.25596e+61, -9.25596e+61, -9.25596e+61, -2.77679e+62
Best, 0, -9.25596e+61, -9.25596e+61, -9.25596e+61, -2.77679e+62
Best, 0, -9.25596e+61, -9.25596e+61, -9.25596e+61, -2.77679e+62
Best, 0, -9.25596e+61, -9.25596e+61, -9.25596e+61, -2.77679e+62
Best, 0, -9.25596e+61, -9.25596e+61, -9.25596e+61, -2.77679e+62
